Feature,Importance
500米内公交站数量/个,0.13184574552356518
500米内学校数量/个,0.11477575704920132
500米内餐饮消费水平/元,0.11262386375674309
500米内住宅区常住人口数/人,0.10501339823843665
500米内商业场所日均客流量/人,0.10329626402594047
500米内商场数量/个,0.10135171903317533
500米内住宅区数量/个,0.08709478412154378
500米内地铁出口数量/个,0.08533501927646657
一公里内其他加盟店数量/个,0.08199628256575764
500米内青少年人数/人,0.07666716640916989
