Feature,Importance
500米内餐饮消费水平/元,0.20903934993641252
500米内住宅区常住人口数/人,0.1867271823305428
500米内学校数量/个,0.14597932366198635
500米内商业场所日均客流量/人,0.10812314378044718
500米内公交站数量/个,0.08401556546929054
500米内青少年人数/人,0.08228626204250952
500米内商场数量/个,0.06581608534440984
500米内住宅区数量/个,0.042801806636927314
500米内地铁出口数量/个,0.03865863128475302
一公里内其他加盟店数量/个,0.03655264951272096
