Feature,Importance
500米内餐饮消费水平/元,0.24937402029574993
500米内公交站数量/个,0.13808891637368373
500米内学校数量/个,0.13450226034336812
500米内商业场所日均客流量/人,0.10322870215710976
500米内住宅区常住人口数/人,0.08753220465532925
500米内住宅区数量/个,0.07542090332907268
500米内地铁出口数量/个,0.06552642736609653
500米内青少年人数/人,0.06355078876899005
500米内商场数量/个,0.05252819537553539
一公里内其他加盟店数量/个,0.03024758133506456
